SeaStar Medical Holding PE Ratio Historical Data,SeaStar Medical Holding PE Ratio Historical Data,SeaStar Medical Holding PE Ratio Historical Data,SeaStar Medical Holding PE Ratio Historical Data
Date,Stock Price,TTM Net EPS,PE Ratio
2025-03-20,2.06,,0.0
2024-09-30,4.26,$-11.63,0.0
2024-06-30,7.59,$-19.78,0.0
2024-03-31,0.73,$-25.00,0.0
2023-12-31,0.44,$-30.25,0.0
2023-09-30,0.26,$-25.50,0.0
2023-06-30,0.52,$-17.50,0.0
2023-03-31,1.86,$-11.25,0.0
2022-12-31,4.1,$-1.25,0.0
2022-09-30,10.28,$-1.25,0.0
2022-06-30,10.16,0,0.0
2022-03-31,10.12,0,0.0
2021-12-31,10.04,0,0.0
